Logistic Regression,Decision Tree,Random Forest,SVM,KNN,AdaBoost,Gradient Boosting
0.7896064581231079,0.9997477295660948,0.9997477295660948,0.722502522704339,0.8110494450050454,0.8049949545913219,0.8524217961654894
0.8042572882924572,1.0,1.0,0.799543118218161,0.8119429590017825,0.82,0.8709677419354839
0.8087482550023266,0.9995346672871103,0.9995346672871103,0.6514657980456026,0.8478362028850628,0.8203815728245696,0.8543508608655188
0.8064965197215778,0.9997672794973237,0.9997672794973237,0.717948717948718,0.8295014796266789,0.8201907420330309,0.8625792811839323
